Serial,Date,Location,Genre
1,"01-Sep,(Tue) - Day 1","Howrah Rail Station, Howrah",Station
2,"02-Sep,(Wed) - Day 2","Delhi Rail Station, New Delhi",Station
3,"02-Sep,(Wed) - Day 2","Kota Rail Staion, Kota",Station
4,"02-Sep,(Wed) - Day 2","Chambal River Front, Kota",Park
5,"03-Sep,(Thu) - Day 3","Kishor Sagar Lake, Kota",Lake
6,"03-Sep,(Thu) - Day 3","Kota Govt Museum, Kota",Museum
7,"03-Sep,(Thu) - Day 3","Kota Garh Palace, Kota",Fort
8,"03-Sep,(Thu) - Day 3","GaperNath, Kota",Nature
9,"03-Sep,(Thu) - Day 3","Group of Barolia Temples, Rawatbhata",Architectural
10,"03-Sep,(Thu) - Day 3","Rana Pratap Sagar Dam, Rawatbhata",Dam
11,"04-Sep,(Fri) - Day 4","Chuliya Waterfall, Gandhisagar",Waterfall
12,"04-Sep,(Fri) - Day 4","Padajhar Waterfalls, Gandhisagar",Waterfall
13,"04-Sep,(Fri) - Day 4","Gandhisagar Dam, Gandhisagar",Dam
14,"04-Sep,(Fri) - Day 4","Chambal  Sunset Point, Gandhisagar",View Point
15,"04-Sep,(Fri) - Day 4","Shree Dharmrajeshwara Temple, Chandwasa",Architectural
16,"05-Sep,(Sat) - Day 5","Maharaja Yashwant Rao Holkar Chhatri, Bhanpura",Architectural
17,"05-Sep,(Sat) - Day 5","Bade Mahadev, Bhanpura",Waterfall
18,"05-Sep,(Sat) - Day 5","Mini Goa, Gandhi Sagar, Bhanpura",View Point
19,"05-Sep,(Sat) - Day 5","Kakuni Temple Complex, Kakuni",Architectural
20,"06-Sep,(Sun) - Day 6","Sun Temple, Jhalwarpatan",Architectural
21,"06-Sep,(Sun) - Day 6","Shantinath Digamber jain Temple, Jhalwarpatan",Architectural
22,"06-Sep,(Sun) - Day 6","Government Museum, Jhalwar",Museum
23,"06-Sep,(Sun) - Day 6","Gagron Fort, Gagron",Fort
24,"06-Sep,(Sun) - Day 6","Gagron Fort View Point, Gagron",View Point
25,"06-Sep,(Sun) - Day 6","Gadiya Mandir, Artu",Architectural
26,"06-Sep,(Sun) - Day 6","Temple Ruin, Artu",Architectural
27,"07-Sep,(Mon) - Day 7","Sherghare Fort, Shergarh",Fort
28,"07-Sep,(Mon) - Day 7","Kanya Dah Temple Ruin, Baran",Architectural
29,"07-Sep,(Mon) - Day 7","Mini Khajuraho Temple, Bansthuni",Architectural
30,"08-Sep,(Tue) - Day 8","Bhand Devara Temple, Ramgarh",Architectural
31,"08-Sep,(Tue) - Day 8","Ramghar Mata Temple, Ramgarh",Hindu Temple
32,"08-Sep,(Tue) - Day 8","Ramghar Creater View, Ramgarh",View Point
33,"08-Sep,(Tue) - Day 8","Ramghar Fort, Ramgarh",Fort
34,"08-Sep,(Tue) - Day 8","Chauth Mata Mandir, Bundi",Hindu Temple
35,"08-Sep,(Tue) - Day 8","RockPainting, Bhimlat",Rock Art
36,"08-Sep,(Tue) - Day 8","Bhimlat Waterfalls, Bhimlat",Waterfall
37,"09-Sep,(Wed) - Day 9","Tribal Village, Bhimlat",Village
38,"09-Sep,(Wed) - Day 9","Nagar Sagar Kund, Bundi",Architectural
39,"09-Sep,(Wed) - Day 9","Raniji ki Baori, Bundi",Architectural
40,"09-Sep,(Wed) - Day 9","84 Pillared Cenotaph, Bundi",Architectural
41,"09-Sep,(Wed) - Day 9","Sukh Mahal, Bundi",Architectural
42,"09-Sep,(Wed) - Day 9","Taragarh Fort, Bundi",Fort
43,"09-Sep,(Wed) - Day 9","7 Wonder Park, Kota",Park