Serial,Date,Location,Geo-Location
1,"02-Sep, (Day 2)","Chambal River Front, Kota","25.170000, 75.860000"
2,"03-Sep, (Day 3)","Kishor Sagar Lake, Kota","25.160000, 75.840000"
3,"03-Sep, (Day 3)","Kota Govt Museum, Kota","25.180000, 75.840000"
4,"03-Sep, (Day 3)","Kota Garh Palace, Kota","25.180000, 75.840000"
5,"03-Sep, (Day 3)","GaperNath, Kota","25.190000, 75.950000"
6,"03-Sep, (Day 3)","Group of Barolia Temples, Rawatbhata","24.820000, 75.590000"
7,"03-Sep, (Day 3)","Rana Pratap Sagar Dam, Rawatbhata","24.940000, 75.560000"
8,"04-Sep, (Day 4)","Chuliya Waterfall, Gandhisagar","24.840000, 74.950000"
9,"04-Sep, (Day 4)","Padajhar Waterfalls, Gandhisagar","24.920000, 75.080000"
10,"04-Sep, (Day 4)","Gandhisagar Dam, Gandhisagar","24.630000, 75.560000"
11,"04-Sep, (Day 4)","Chambal Sunset Point, Gandhisagar","24.660000, 75.530000"
12,"04-Sep, (Day 4)","Shree Dharmrajeshwara Temple, Chandwasa","24.540000, 75.710000"
13,"05-Sep, (Day 5)","Maharaja Yashwant Rao Holkar Chhatri, Bhanpura","24.550000, 75.650000"
14,"05-Sep, (Day 5)","Bade Mahadev, Bhanpura","24.550000, 75.690000"
15,"05-Sep, (Day 5)","Mini Goa, Gandhi Sagar, Bhanpura","24.630000, 75.530000"
16,"05-Sep, (Day 5)","Kakuni Temple Complex, Kakuni","24.740000, 76.180000"
17,"06-Sep, (Day 6)","Sun Temple, Jhalwarpatan","24.540000, 76.170000"
18,"06-Sep, (Day 6)","Shantinath Digamber jain Temple, Jhalwarpatan","24.540000, 76.170000"
19,"06-Sep, (Day 6)","Government Museum, Jhalwar","24.600000, 76.170000"
20,"06-Sep, (Day 6)","Gagron Fort, Gagron","24.650000, 76.160000"
21,"06-Sep, (Day 6)","Gagron Fort View Point, Gagron","24.650000, 76.160000"
22,"06-Sep, (Day 6)","Gadiya Mandir, Artu","25.000000, 76.060000"
23,"06-Sep, (Day 6)","Temple Ruin, Artu","25.000000, 76.060000"
24,"07-Sep, (Day 7)","Sherghare Fort, Shergarh","24.550000, 76.420000"
25,"07-Sep, (Day 7)","Kanya Dah Temple Ruin, Baran","24.580000, 76.430000"
26,"07-Sep, (Day 7)","Mini Khajuraho Temple, Bansthuni","24.450000, 76.620000"
27,"08-Sep, (Day 8)","Bhand Devara Temple, Ramgarh","25.080000, 76.480000"
28,"08-Sep, (Day 8)","Ramghar Mata Temple, Ramgarh","25.080000, 76.480000"
29,"08-Sep, (Day 8)","Ramghar Creater View, Ramgarh","25.080000, 76.480000"
30,"08-Sep, (Day 8)","Ramghar Fort, Ramgarh","25.080000, 76.480000"
31,"08-Sep, (Day 8)","Chauth Mata Mandir, Bundi","25.430000, 75.640000"
32,"08-Sep, (Day 8)","RockPainting, Bhimlat","25.100000, 75.500000"
33,"08-Sep, (Day 8)","Bhimlat Waterfalls, Bhimlat","25.100000, 75.650000"
34,"09-Sep, (Day 9)","Tribal Village, Bhimlat","25.250000, 75.750000"
35,"09-Sep, (Day 9)","Nagar Sagar Kund, Bundi","25.440000, 75.640000"
36,"09-Sep, (Day 9)","Raniji ki Baori, Bundi","25.440000, 75.640000"
37,"09-Sep, (Day 9)","84 Pillared Cenotaph, Bundi","25.400000, 75.570000"
38,"09-Sep, (Day 9)","Sukh Mahal, Bundi","25.440000, 75.640000"
39,"09-Sep, (Day 9)","Taragarh Fort, Bundi","25.450000, 75.630000"
40,"09-Sep, (Day 9)","7 Wonder Park, Kota","25.160000, 75.850000"